Timestamp,EEG.AF3,EEG.F3,MOT.AccX,MOT.AccY,CQ.Overall,EQ.SampleRateQuality,PM.Stress.Scaled,PM.Relaxation.Scaled,POW.AF3.Alpha,POW.Fz.BetaH,Demo.State,Demo.QualityFlag
1783252800.000000,-0.3602,8.4772,-0.020960,-0.004855,96,0.995,16.952,47.118,3.718498,1.214152,neutral,good
1783252800.007812,4.7807,10.3026,-0.006395,0.000609,96,0.995,17.135,43.070,3.619925,1.056092,neutral,good
1783252800.015625,3.9483,10.9320,-0.001851,0.000178,96,0.995,21.244,41.352,3.931415,1.162099,neutral,good
1783252800.023438,9.6855,3.2842,0.006448,0.001280,96,0.995,23.177,44.534,3.505633,1.102453,neutral,good
1783252800.031250,6.1608,0.0938,-0.001208,-0.002894,96,0.995,23.320,42.184,3.554740,1.202630,neutral,good
1783252800.039062,7.5728,0.5423,0.008807,0.002369,96,0.995,19.996,42.231,3.862688,1.350247,neutral,good
1783252800.046875,2.9121,-0.7875,0.000011,0.007459,96,0.995,22.635,49.510,3.885540,1.073891,neutral,good
1783252800.054688,0.3289,-3.3611,-0.001732,0.007934,96,0.995,17.013,41.740,3.746565,1.139218,neutral,good
1783252800.062500,-0.2301,-7.5952,0.002134,0.007862,96,0.995,22.417,45.172,3.528969,1.136555,neutral,good
1783252800.070312,-6.7804,-3.7343,0.026628,-0.006905,96,0.995,18.529,45.459,3.743184,1.258745,neutral,good
1783252800.078125,-14.5188,-2.8481,0.008621,0.014856,96,0.995,20.799,42.024,3.808039,1.077944,neutral,good
1783252800.085938,-5.8082,-6.7563,0.001702,-0.000659,96,0.995,22.624,46.196,3.779637,1.114617,neutral,good
1783252800.093750,-2.6238,3.0840,0.003536,-0.010850,96,0.995,23.016,46.239,3.647773,1.168190,neutral,good
1783252800.101562,-1.5124,4.7584,-0.002300,-0.007737,96,0.995,18.688,43.848,4.089000,1.303086,neutral,good
1783252800.109375,2.4512,6.0353,0.010009,0.012307,96,0.995,20.904,46.016,3.747397,1.087867,neutral,good
1783252800.117188,3.1284,1.0712,0.012789,0.000548,96,0.995,22.854,46.919,3.881020,1.161464,neutral,good
1783252800.125000,0.9475,-1.7933,-0.000907,-0.006575,96,0.995,20.205,43.074,3.575481,1.087409,neutral,good
1783252800.132812,3.1740,-2.3032,0.002123,0.002947,96,0.995,17.363,46.933,3.903496,1.142874,neutral,good
1783252800.140625,0.7498,-3.9104,-0.009041,0.017099,96,0.995,20.135,45.235,3.942927,1.148990,neutral,good
1783252800.148438,-3.7823,-6.5774,0.016254,0.010717,96,0.995,18.806,44.784,3.613147,1.102320,neutral,good
1783252800.156250,-0.7697,-6.1051,0.006707,0.011351,96,0.995,15.401,43.055,3.790216,1.137881,neutral,good
1783252800.164062,-1.2669,-1.7604,0.008854,-0.002152,96,0.995,22.065,44.507,3.286519,1.178882,neutral,good
1783252800.171875,-7.1894,-4.5489,-0.003120,0.006586,96,0.995,21.239,41.077,4.008657,1.096384,neutral,good
1783252800.179688,-3.1273,-3.9519,0.011453,-0.000546,96,0.995,21.038,46.104,3.767291,1.153580,neutral,good
1783252800.187500,-4.4982,3.3986,0.003934,0.015473,96,0.995,19.547,46.050,4.424209,1.254597,neutral,good
1783252800.195312,4.5835,9.3188,0.003653,0.011890,96,0.995,17.001,41.937,3.462781,1.111085,neutral,good
1783252800.203125,9.2164,12.0210,0.009957,0.018109,96,0.995,22.028,41.844,3.335520,1.091704,neutral,good
1783252800.210938,9.9318,10.8356,0.011786,0.007233,96,0.995,22.281,44.857,3.582939,1.113118,neutral,good
1783252800.218750,10.0819,5.5974,0.006981,0.010818,96,0.995,18.226,48.749,3.762876,1.067103,neutral,good
1783252800.226562,13.3187,0.1318,0.011521,0.010624,96,0.995,22.557,45.898,3.684860,1.203959,neutral,good
1783252800.234375,8.5559,-3.8279,0.010723,0.003307,96,0.995,20.755,46.242,3.717301,1.215310,neutral,good
1783252800.242188,5.3325,-4.7061,0.003942,0.016331,96,0.995,20.668,43.188,3.822356,1.286977,neutral,good
1783252800.250000,5.0997,-6.5735,-0.010400,0.004630,96,0.995,17.350,46.050,3.698204,1.165877,neutral,good
1783252800.257812,-4.0751,-9.2451,0.016913,0.002488,96,0.995,21.962,42.876,3.764530,1.277362,neutral,good
1783252800.265625,-9.3376,-18.0066,-0.003576,0.011223,96,0.995,17.704,49.903,3.413692,1.171098,neutral,good
1783252800.273438,-17.2853,-4.8207,0.000795,0.008010,96,0.995,15.752,47.090,3.527292,1.243774,neutral,good
1783252800.281250,-9.9147,-1.6812,0.009103,0.006286,96,0.995,23.769,45.947,3.422017,1.103171,neutral,good
1783252800.289062,-8.7545,1.3016,0.007070,0.002024,96,0.995,20.568,46.310,3.639449,1.066276,neutral,good
1783252800.296875,0.0618,3.9643,0.010756,0.001232,96,0.995,22.243,48.844,3.845664,1.170188,neutral,good
1783252800.304688,-2.4485,5.3891,0.005807,0.006843,96,0.995,19.970,48.230,3.639446,1.240105,neutral,good
